Workbook

Sheet Dashboard
A1: Market Heat Dashboard (RK-style)
A3: Category | B3: Ticker | C3: Last | D3: 3M % | E3: 6M % | F3: RS 6M vs SPY
A4: INDEX | B4: SPY | C4: =VLOOKUP(B4,Data!A:F,3,FALSE) | D4: =VLOOKUP(B4,Data!A:F,4,FALSE) | E4: =VLOOKUP(B4,Data!A:F,5,FALSE) | F4: =VLOOKUP(B4,Data!A:F,6,FALSE)
A5: INDEX | B5: QQQ | C5: =VLOOKUP(B5,Data!A:F,3,FALSE) | D5: =VLOOKUP(B5,Data!A:F,4,FALSE) | E5: =VLOOKUP(B5,Data!A:F,5,FALSE) | F5: =VLOOKUP(B5,Data!A:F,6,FALSE)
A6: SECTOR | B6: XLK | C6: =VLOOKUP(B6,Data!A:F,3,FALSE) | D6: =VLOOKUP(B6,Data!A:F,4,FALSE) | E6: =VLOOKUP(B6,Data!A:F,5,FALSE) | F6: =VLOOKUP(B6,Data!A:F,6,FALSE)
A7: SECTOR | B7: XLF | C7: =VLOOKUP(B7,Data!A:F,3,FALSE) | D7: =VLOOKUP(B7,Data!A:F,4,FALSE) | E7: =VLOOKUP(B7,Data!A:F,5,FALSE) | F7: =VLOOKUP(B7,Data!A:F,6,FALSE)
A8: STYLE | B8: IWF | C8: =VLOOKUP(B8,Data!A:F,3,FALSE) | D8: =VLOOKUP(B8,Data!A:F,4,FALSE) | E8: =VLOOKUP(B8,Data!A:F,5,FALSE) | F8: =VLOOKUP(B8,Data!A:F,6,FALSE)
A9: STYLE | B9: IWD | C9: =VLOOKUP(B9,Data!A:F,3,FALSE) | D9: =VLOOKUP(B9,Data!A:F,4,FALSE) | E9: =VLOOKUP(B9,Data!A:F,5,FALSE) | F9: =VLOOKUP(B9,Data!A:F,6,FALSE)
A10: RISK | B10: TLT | C10: =VLOOKUP(B10,Data!A:F,3,FALSE) | D10: =VLOOKUP(B10,Data!A:F,4,FALSE) | E10: =VLOOKUP(B10,Data!A:F,5,FALSE) | F10: =VLOOKUP(B10,Data!A:F,6,FALSE)
A11: RISK | B11: GLD | C11: =VLOOKUP(B11,Data!A:F,3,FALSE) | D11: =VLOOKUP(B11,Data!A:F,4,FALSE) | E11: =VLOOKUP(B11,Data!A:F,5,FALSE) | F11: =VLOOKUP(B11,Data!A:F,6,FALSE)

Sheet Data
A1: Ticker | B1: Last | C1: Ret3M | D1: Ret6M | E1: RS6M | F1: UpdatedAt
A2: SPY
A3: QQQ
A4: XLK
A5: XLF
A6: IWF
A7: IWD
A8: TLT
A9: GLD
